user_id;source;service;date;is_student;is_employee;is_currently_employed;is_research_group;final_decesion
030jmk;github_search_users.csv;github.com;08.09.23;TRUE;;;;
030jmk;manual_users.csv;github.com;08.09.23;TRUE;;;;
87surendra;manual_users.csv;github.com;08.09.23;FALSE;1.0;1.0;;
a-klaus;github_search_users.csv;github.com;08.09.23;;;;;
a-klaus;manual_users.csv;github.com;08.09.23;;;;;
a-moi;manual_users.csv;github.com;08.09.23;TRUE;;;;
abdelwahab86;manual_users.csv;github.com;08.09.23;FALSE;1.0;1.0;;
abrarhasinkml;github_search_users.csv;github.com;08.09.23;TRUE;;;;
abrarhasinkml;manual_users.csv;github.com;08.09.23;TRUE;;;;
adrian-abendroth;github_search_users.csv;github.com;08.09.23;FALSE;1.0;1.0;;
adrian-abendroth;manual_users.csv;github.com;08.09.23;FALSE;1.0;1.0;;
adrian-ziupka;github_search_repo.csv;github.com;08.09.23;FALSE;1.0;1.0;;
adrian-ziupka;manual_users.csv;github.com;08.09.23;FALSE;1.0;1.0;;
aeye-lab;github_search_users.csv;github.com;08.09.23;FALSE;;;1.0;
aeye-lab;manual_users.csv;github.com;08.09.23;FALSE;;;1.0;
aionbe;github_search_users.csv;github.com;08.09.23;TRUE;;;;
aionbe;manual_users.csv;github.com;08.09.23;TRUE;;;;
alaa-noor;github_search_users.csv;github.com;08.09.23;TRUE;;;;
alaa-noor;manual_users.csv;github.com;08.09.23;TRUE;;;;
alecamcr;github_search_repo.csv;github.com;08.09.23;TRUE;;;;
alecamcr;manual_users.csv;github.com;08.09.23;TRUE;;;;
alexanderc360;github_search_users.csv;github.com;08.09.23;TRUE;;;;
alexanderc360;manual_users.csv;github.com;08.09.23;TRUE;;;;
alexkli;manual_users.csv;github.com;08.09.23;FALSE;;0;;
alexkorga;manual_users.csv;github.com;08.09.23;TRUE;;;;
alfeezy;manual_users.csv;github.com;08.09.23;;;;;
alisher-turubayev;github_search_repo.csv;github.com;08.09.23;TRUE;;;;
alisher-turubayev;manual_users.csv;github.com;08.09.23;TRUE;;;;
almqvest;manual_users.csv;github.com;08.09.23;TRUE;;;;
alsino;github_search_repo.csv;github.com;08.09.23;TRUE;;;;
alsino;manual_users.csv;github.com;08.09.23;TRUE;;;;
alyonavyshnevska;github_search_repo.csv;github.com;08.09.23;TRUE;;;;
alyonavyshnevska;manual_users.csv;github.com;08.09.23;TRUE;;;;
anjakatzenberger;manual_users.csv;github.com;08.09.23;FALSE;1.0;1.0;;
annameide;github_search_repo.csv;github.com;08.09.23;TRUE;;;;
annameide;github_search_users.csv;github.com;08.09.23;TRUE;;;;
annameide;manual_users.csv;github.com;08.09.23;TRUE;;;;
aodenweller;manual_users.csv;github.com;08.09.23;FALSE;1.0;1.0;;
arne-cl;research_org_commits.csv;github;08.09.23;FALSE;1.0;1.0;;
askir;manual_users.csv;github.com;08.09.23;FALSE;1.0;1.0;;
astaup-it;github_search_users.csv;github.com;08.09.23;FALSE;0;0;;
astaup-it;manual_users.csv;github.com;08.09.23;FALSE;;;;
avitbhowmik;github_search_repo.csv;github.com;08.09.23;FALSE;1.0;0;;
avitbhowmik;manual_users.csv;github.com;08.09.23;FALSE;1.0;0;;
azarozo19;github_search_users.csv;github.com;08.09.23;TRUE;;;;
azarozo19;manual_users.csv;github.com;08.09.23;TRUE;;;;
azuhr;manual_users.csv;github.com;08.09.23;FALSE;;;;
baschdl;research_org_commits.csv;github;08.09.23;FALSE;1.0;1.0;;
baudisch;manual_users.csv;github.com;08.09.23;FALSE;1.0;1.0;;
benlowit;manual_users.csv;github.com;08.09.23;;;;;
bgailleton;manual_users.csv;github.com;08.09.23;FALSE;;;;
bglaetzer;manual_users.csv;github.com;08.09.23;;;;;
bgroenks96;manual_users.csv;github.com;08.09.23;FALSE;1.0;1.0;;
blblblu;manual_users.csv;github.com;08.09.23;TRUE;;;;
bmarv;github_search_repo.csv;github.com;08.09.23;TRUE;;;;
bmarv;manual_users.csv;github.com;08.09.23;TRUE;;;;
bodobookhagen;manual_users.csv;github.com;08.09.23;FALSE;1.0;1.0;;
bostame;github_search_users.csv;github.com;08.09.23;TRUE;;;;
bostame;manual_users.csv;github.com;08.09.23;TRUE;;;;
boundter;github_search_repo.csv;github.com;08.09.23;;;;;
boundter;manual_users.csv;github.com;08.09.23;;;;;
bptlab;github_search_users.csv;github.com;08.09.23;;;;1.0;
bptlab;manual_users.csv;github.com;08.09.23;;;;1.0;
braunfuss;manual_users.csv;github.com;08.09.23;;;;;
brechtknecht;github_search_repo.csv;github.com;08.09.23;TRUE;;;;
brechtknecht;github_search_users.csv;github.com;08.09.23;TRUE;;;;
brechtknecht;manual_users.csv;github.com;08.09.23;TRUE;;;;
briemadu;github_search_repo.csv;github.com;08.09.23;;;;;
briemadu;manual_users.csv;github.com;08.09.23;;;;;
captainunbrauchbar;github_search_users.csv;github.com;08.09.23;TRUE;;;;
captainunbrauchbar;manual_users.csv;github.com;08.09.23;TRUE;;;;
charliederhund;github_search_users.csv;github.com;08.09.23;TRUE;;;;
charliederhund;manual_users.csv;github.com;08.09.23;TRUE;;;;
chpfaff98;github_search_users.csv;github.com;08.09.23;TRUE;;;;
chpfaff98;manual_users.csv;github.com;08.09.23;TRUE;;;;
chrisyanluc;github_search_users.csv;github.com;08.09.23;TRUE;;;;
chrisyanluc;manual_users.csv;github.com;08.09.23;TRUE;;;;
clemenskubach;github_search_users.csv;github.com;08.09.23;TRUE;;;;
clemenskubach;manual_users.csv;github.com;08.09.23;TRUE;;;;
crpiceda;github_search_repo.csv;github.com;08.09.23;;;;;
crpiceda;manual_users.csv;github.com;08.09.23;;;;;
cslm-lab;github_search_users.csv;github.com;08.09.23;;;;1.0;
cslm-lab;manual_users.csv;github.com;08.09.23;;;;1.0;
ctiedt;manual_users.csv;github.com;08.09.23;TRUE;;;;
d3vilgames;manual_users.csv;github.com;08.09.23;TRUE;;;;
dagtann;github_search_repo.csv;github.com;08.09.23;;;;;
dagtann;manual_users.csv;github.com;08.09.23;;;;;
damariszurell;github_search_repo.csv;github.com;08.09.23;FALSE;1.0;1.0;;
damariszurell;manual_users.csv;github.com;08.09.23;FALSE;1.0;1.0;;
danielemaselli;github_search_users.csv;github.com;08.09.23;TRUE;;;;
danielemaselli;manual_users.csv;github.com;08.09.23;TRUE;;;;
danieljanko98;github_search_users.csv;github.com;08.09.23;TRUE;;;;
danieljanko98;manual_users.csv;github.com;08.09.23;TRUE;;;;
danielrm84;github_search_repo.csv;github.com;08.09.23;TRUE;;;;
danielrm84;manual_users.csv;github.com;08.09.23;TRUE;;;;
daqinghou;github_search_users.csv;github.com;08.09.23;;;;;
daqinghou;manual_users.csv;github.com;08.09.23;;;;;
datascienceup;manual_users.csv;github.com;08.09.23;;;;;
davidleonhard;github_search_users.csv;github.com;08.09.23;;;;;
davidleonhard;manual_users.csv;github.com;08.09.23;;;;;
davidschlangen;github_search_users.csv;github.com;08.09.23;;;;;
davidschlangen;manual_users.csv;github.com;08.09.23;;;;;
delwarhub;manual_users.csv;github.com;08.09.23;;;;;
deux9;github_search_repo.csv;github.com;08.09.23;;;;;
diego-dam;github_search_repo.csv;github.com;08.09.23;;;;;
diego-dam;manual_users.csv;github.com;08.09.23;;;;;
diego635;github_search_users.csv;github.com;08.09.23;;;;;
diego635;manual_users.csv;github.com;08.09.23;;;;;
dieknolle3333;manual_users.csv;github.com;08.09.23;;;;;
disc0erg0sum;github_search_repo.csv;github.com;08.09.23;;;;;
disc0erg0sum;manual_users.csv;github.com;08.09.23;;;;;
discourse-lab;github_search_users.csv;github.com;08.09.23;;;;1.0;
discourse-lab;manual_users.csv;github.com;08.09.23;;;;;
dmrwal;manual_users.csv;github.com;08.09.23;;;;;
domoritz;github_search_repo.csv;github.com;08.09.23;;;;;
domoritz;manual_users.csv;github.com;08.09.23;;;;;
dorisjovovic;manual_users.csv;github.com;08.09.23;;;;;
dudderle;github_search_repo.csv;github.com;08.09.23;;;;;
duyhung-nguyen;manual_users.csv;github.com;08.09.23;;;;;
e-zolotarevskaya;manual_users.csv;github.com;08.09.23;;;;;
edward-loves-github;manual_users.csv;github.com;08.09.23;;;;;
eileenkammel;github_search_users.csv;github.com;08.09.23;;;;;
eileenkammel;manual_users.csv;github.com;08.09.23;;;;;
ekaterinailin;github_search_repo.csv;github.com;08.09.23;;;;;
ekaterinailin;manual_users.csv;github.com;08.09.23;;;;;
emmanuel-mueller;manual_users.csv;github.com;08.09.23;;;;;
encotric;github_search_users.csv;github.com;08.09.23;;;;;
encotric;manual_users.csv;github.com;08.09.23;;;;;
everornever;manual_users.csv;github.com;08.09.23;;;;;
ezair;manual_users.csv;github.com;08.09.23;;;;;
fahaddeshmukh;manual_users.csv;github.com;08.09.23;;;;;
falkmaximilian;github_search_users.csv;github.com;08.09.23;;;;;
falkmaximilian;manual_users.csv;github.com;08.09.23;;;;;
felix-naumann;manual_users.csv;github.com;08.09.23;;;;;
felixdombek;research_org_commits.csv;github;08.09.23;;;;;
ff6347;github_search_repo.csv;github.com;08.09.23;;;;;
ff6347;manual_users.csv;github.com;08.09.23;;;;;
fh-potsdam;github_search_repo.csv;github.com;08.09.23;;;;1.0;
fh-potsdam;manual_users.csv;github.com;08.09.23;;;;1.0;
flgebhardt;github_search_users.csv;github.com;08.09.23;;;;;
flgebhardt;manual_users.csv;github.com;08.09.23;;;;;
flxw;github_search_repo.csv;github.com;08.09.23;;;;;
flxw;manual_users.csv;github.com;08.09.23;;;;;
flyboys;manual_users.csv;github.com;08.09.23;;;;;
flying-bear;github_search_repo.csv;github.com;08.09.23;;;;;
flying-bear;manual_users.csv;github.com;08.09.23;;;;;
fmalerba;manual_users.csv;github.com;08.09.23;;;;;
fosler;github_search_users.csv;github.com;08.09.23;;;;;
fosler;manual_users.csv;github.com;08.09.23;;;;;
fpottbaecker;research_org_commits.csv;github;08.09.23;;;;;
frcroth;manual_users.csv;github.com;08.09.23;;;;;
freenerd;github_search_repo.csv;github.com;08.09.23;;;;;
freenerd;manual_users.csv;github.com;08.09.23;;;;;
fsr-de;github_search_repo.csv;github.com;08.09.23;;;;1.0;
fsr-de;github_search_users.csv;github.com;08.09.23;;;;1.0;
fsr-de;manual_users.csv;github.com;08.09.23;;;;1.0;
georgt99;github_search_users.csv;github.com;08.09.23;;;;;
georgt99;manual_users.csv;github.com;08.09.23;;;;;
geveh;github_search_repo.csv;github.com;08.09.23;;;;;
geveh;manual_users.csv;github.com;08.09.23;;;;;
goldencm;github_search_users.csv;github.com;08.09.23;;;;;
goldencm;manual_users.csv;github.com;08.09.23;;;;;
gregwisenoah;manual_users.csv;github.com;08.09.23;;;;;
grpranto;manual_users.csv;github.com;08.09.23;;;;;
gue-ros;manual_users.csv;github.com;08.09.23;;;;;
gunnar-pik;manual_users.csv;github.com;08.09.23;;;;;
gustavmogull;manual_users.csv;github.com;08.09.23;;;;;
gwastro-2019;manual_users.csv;github.com;08.09.23;;;;;
hackpotsdam;manual_users.csv;github.com;08.09.23;;;;;
hallerp;research_org_commits.csv;github;08.09.23;;;;;
hannesharnisch;manual_users.csv;github.com;08.09.23;;;;;
hasso-plattner-institute;github_search_users.csv;github.com;08.09.23;;;;;
hatschito;github_search_users.csv;github.com;08.09.23;;;;;
hatschito;manual_users.csv;github.com;08.09.23;;;;;
hazem0803;manual_users.csv;github.com;08.09.23;;;;;
heiko-etzold;github_search_repo.csv;github.com;08.09.23;;;;;
henninggaertner;manual_users.csv;github.com;08.09.23;;;;;
heyhen;manual_users.csv;github.com;08.09.23;;;;;
hgl0;github_search_repo.csv;github.com;08.09.23;;;;;
hgl0;manual_users.csv;github.com;08.09.23;;;;;
hkraemer;manual_users.csv;github.com;08.09.23;;;;;
hpi-sam;github_search_repo.csv;github.com;08.09.23;;;;1.0;
hpi-sam;manual_users.csv;github.com;08.09.23;;;;1.0;
hpimakerklub;manual_users.csv;github.com;08.09.23;;;;;
hsleonis;github_search_users.csv;github.com;08.09.23;;;;;
hsleonis;manual_users.csv;github.com;08.09.23;;;;;
hugo-robalino;github_search_users.csv;github.com;08.09.23;;;;;
hugo-robalino;manual_users.csv;github.com;08.09.23;;;;;
hydrogo;github_search_users.csv;github.com;08.09.23;;;;;
hydrogo;manual_users.csv;github.com;08.09.23;;;;;
iliakur;github_search_repo.csv;github.com;08.09.23;;;;;
iliakur;manual_users.csv;github.com;08.09.23;;;;;
itakouna;github_search_users.csv;github.com;08.09.23;;;;;
itakouna;manual_users.csv;github.com;08.09.23;;;;;
itsnotyou;github_search_repo.csv;github.com;08.09.23;;;;;
itsnotyou;manual_users.csv;github.com;08.09.23;;;;;
iuliia-mozhina;github_search_users.csv;github.com;08.09.23;;;;;
iuliia-mozhina;manual_users.csv;github.com;08.09.23;;;;;
ivanspirandelli;github_search_repo.csv;github.com;08.09.23;;;;;
ivanspirandelli;manual_users.csv;github.com;08.09.23;;;;;
jakobchwastek;research_org_commits.csv;github;08.09.23;;;;;
jakobwalter;manual_users.csv;github.com;08.09.23;;;;;
jan-wilhelm;manual_users.csv;github.com;08.09.23;;;;;
janalexxxx;github_search_repo.csv;github.com;08.09.23;;;;;
janalexxxx;manual_users.csv;github.com;08.09.23;;;;;
janametz2023;manual_users.csv;github.com;08.09.23;;;;;
janikraue;github_search_repo.csv;github.com;08.09.23;;;;;
janikraue;manual_users.csv;github.com;08.09.23;;;;;
jannametz;github_search_users.csv;github.com;08.09.23;;;;;
jannametz;manual_users.csv;github.com;08.09.23;;;;;
jbspeakr;github_search_repo.csv;github.com;08.09.23;;;;;
jbspeakr;manual_users.csv;github.com;08.09.23;;;;;
jembach;manual_users.csv;github.com;08.09.23;;;;;
jenniferpohle;github_search_users.csv;github.com;08.09.23;;;;;
jenniferpohle;manual_users.csv;github.com;08.09.23;;;;;
jesse292cmd;manual_users.csv;github.com;08.09.23;;;;;
jgontrum;github_search_repo.csv;github.com;08.09.23;;;;;
jgontrum;manual_users.csv;github.com;08.09.23;;;;;
jhilaire;manual_users.csv;github.com;08.09.23;;;;;
jmm-b;github_search_users.csv;github.com;08.09.23;;;;;
jmm-b;manual_users.csv;github.com;08.09.23;;;;;
josues;github_search_repo.csv;github.com;08.09.23;;;;;
josues;manual_users.csv;github.com;08.09.23;;;;;
jrehwaldt;github_search_repo.csv;github.com;08.09.23;;;;;
jrehwaldt;manual_users.csv;github.com;08.09.23;;;;;
jujara;github_search_repo.csv;github.com;08.09.23;;;;;
jujara;manual_users.csv;github.com;08.09.23;;;;;
julians;github_search_repo.csv;github.com;08.09.23;;;;;
julians;manual_users.csv;github.com;08.09.23;;;;;
juliusgarbe;manual_users.csv;github.com;08.09.23;;;;;
justtil;manual_users.csv;github.com;08.09.23;;;;;
katjakon;github_search_repo.csv;github.com;08.09.23;;;;;
katrinsch;research_org_commits.csv;github;08.09.23;;;;;
kekeritz;github_search_repo.csv;github.com;08.09.23;;;;;
kekeritz;manual_users.csv;github.com;08.09.23;;;;;
kglauer;manual_users.csv;github.com;08.09.23;;;;;
klausdufke;github_search_users.csv;github.com;08.09.23;;;;;
klausdufke;manual_users.csv;github.com;08.09.23;;;;;
knit-bee;github_search_repo.csv;github.com;08.09.23;;;;;
knit-bee;manual_users.csv;github.com;08.09.23;;;;;
krono;github_search_repo.csv;github.com;08.09.23;;;;;
krono;manual_users.csv;github.com;08.09.23;;;;;
krr-up;github_search_users.csv;github.com;08.09.23;;;;1.0;
krr-up;manual_users.csv;github.com;08.09.23;;;;1.0;
krsticm;manual_users.csv;github.com;08.09.23;;;;;
kryptokommunist;research_org_commits.csv;github;08.09.23;;;;;
kushal-10;github_search_repo.csv;github.com;08.09.23;;;;;
kushal-10;manual_users.csv;github.com;08.09.23;;;;;
kuzminadya;github_search_repo.csv;github.com;08.09.23;;;;;
kuzminadya;manual_users.csv;github.com;08.09.23;;;;;
laura-riedel;research_org_commits.csv;github;08.09.23;;;;;
lenabolliger;research_org_commits.csv;github;08.09.23;;;;;
lenajaeger;research_org_commits.csv;github;08.09.23;;;;;
leonhermann322;manual_users.csv;github.com;08.09.23;;;;;
leooleh;github_search_repo.csv;github.com;08.09.23;;;;;
leooleh;manual_users.csv;github.com;08.09.23;;;;;
linusha;github_search_repo.csv;github.com;08.09.23;;;;;
linusha;manual_users.csv;github.com;08.09.23;;;;;
lucashoeft;github_search_repo.csv;github.com;08.09.23;;;;;
lucashoeft;manual_users.csv;github.com;08.09.23;;;;;
lucasliebe;github_search_users.csv;github.com;08.09.23;;;;;
lucasliebe;manual_users.csv;github.com;08.09.23;;;;;
ludwigfrank;github_search_repo.csv;github.com;08.09.23;;;;;
ludwigfrank;manual_users.csv;github.com;08.09.23;;;;;
ma-hansen;github_search_users.csv;github.com;08.09.23;;;;;
ma-hansen;manual_users.csv;github.com;08.09.23;;;;;
maibrittbergh;github_search_users.csv;github.com;08.09.23;;;;;
maibrittbergh;manual_users.csv;github.com;08.09.23;;;;;
maikbilling;manual_users.csv;github.com;08.09.23;;;;;
majorsl;github_search_users.csv;github.com;08.09.23;;;;;
majorsl;manual_users.csv;github.com;08.09.23;;;;;
maltezimmermann;github_search_users.csv;github.com;08.09.23;;;;;
maltezimmermann;manual_users.csv;github.com;08.09.23;;;;;
manuelsteincke;github_search_repo.csv;github.com;08.09.23;;;;;
manuelsteincke;manual_users.csv;github.com;08.09.23;;;;;
martinhtrauth;manual_users.csv;github.com;08.09.23;;;;;
matthiashimmelmann;github_search_users.csv;github.com;08.09.23;;;;;
matthiashimmelmann;manual_users.csv;github.com;08.09.23;;;;;
maxifischer;manual_users.csv;github.com;08.09.23;;;;;
maximilian-gelbrecht;manual_users.csv;github.com;08.09.23;;;;;
maxostrowski;research_org_commits.csv;github;08.09.23;;;;;
maxseidler;github_search_users.csv;github.com;08.09.23;;;;;
maxseidler;manual_users.csv;github.com;08.09.23;;;;;
maxtillich;manual_users.csv;github.com;08.09.23;;;;;
mcvidomi;manual_users.csv;github.com;08.09.23;;;;;
mgx01;manual_users.csv;github.com;08.09.23;;;;;
miduku;github_search_repo.csv;github.com;08.09.23;;;;;
miduku;manual_users.csv;github.com;08.09.23;;;;;
miroslavvitkov;github_search_repo.csv;github.com;08.09.23;;;;;
miroslavvitkov;manual_users.csv;github.com;08.09.23;;;;;
mittelmark;github_search_repo.csv;github.com;08.09.23;;;;;
mittelmark;github_search_users.csv;github.com;08.09.23;;;;;
mittelmark;manual_users.csv;github.com;08.09.23;;;;;
mlcogup;github_search_users.csv;github.com;08.09.23;;;;;
mlcogup;manual_users.csv;github.com;08.09.23;;;;;
mmrabe;github_search_users.csv;github.com;08.09.23;;;;;
mmrabe;manual_users.csv;github.com;08.09.23;;;;;
mohseniaref;manual_users.csv;github.com;08.09.23;;;;;
muenchman;github_search_repo.csv;github.com;08.09.23;;;;;
muenchman;manual_users.csv;github.com;08.09.23;;;;;
namehzj;github_search_users.csv;github.com;08.09.23;;;;;
namehzj;manual_users.csv;github.com;08.09.23;;;;;
nandini-eso;manual_users.csv;github.com;08.09.23;;;;;
nazaninbm;github_search_users.csv;github.com;08.09.23;;;;;
nazaninbm;manual_users.csv;github.com;08.09.23;;;;;
nhoose;github_search_users.csv;github.com;08.09.23;;;;;
nhoose;manual_users.csv;github.com;08.09.23;;;;;
niccokunzmann;research_org_commits.csv;github;08.09.23;;;;;
nickpodratz;github_search_repo.csv;github.com;08.09.23;;;;;
nickpodratz;manual_users.csv;github.com;08.09.23;;;;;
niconico6;manual_users.csv;github.com;08.09.23;;;;;
niklhart;github_search_repo.csv;github.com;08.09.23;;;;;
niklhart;manual_users.csv;github.com;08.09.23;;;;;
nils-schmitt;manual_users.csv;github.com;08.09.23;;;;;
ninaharlacher;github_search_users.csv;github.com;08.09.23;;;;;
ninaharlacher;manual_users.csv;github.com;08.09.23;;;;;
ninamohnke;manual_users.csv;github.com;08.09.23;;;;;
noahnawara;github_search_repo.csv;github.com;08.09.23;;;;;
noahnawara;manual_users.csv;github.com;08.09.23;;;;;
nonbinarywave;github_search_users.csv;github.com;08.09.23;;;;;
nonbinarywave;manual_users.csv;github.com;08.09.23;;;;;
omseeth;github_search_users.csv;github.com;08.09.23;;;;;
omseeth;manual_users.csv;github.com;08.09.23;;;;;
ost-observatory;github_search_users.csv;github.com;08.09.23;FALSE;1.0;;;
ost-observatory;manual_users.csv;github.com;08.09.23;FALSE;1.0;;;
owrel;github_search_repo.csv;github.com;08.09.23;;;;;
owrel;manual_users.csv;github.com;08.09.23;;;;;
pacman82;manual_users.csv;github.com;08.09.23;;;;;
patrickkloesel;manual_users.csv;github.com;08.09.23;;;;;
paulalisson;manual_users.csv;github.com;08.09.23;;;;;
paulinegayrin;manual_users.csv;github.com;08.09.23;;;;;
paulopu;github_search_users.csv;github.com;08.09.23;;;;;
paulopu;manual_users.csv;github.com;08.09.23;;;;;
paulrozdeba;github_search_users.csv;github.com;08.09.23;;;;;
paulrozdeba;manual_users.csv;github.com;08.09.23;;;;;
pedrosatorremulet;manual_users.csv;github.com;08.09.23;;;;;
peldszus;research_org_commits.csv;github;08.09.23;;;;;
pfischbeck;manual_users.csv;github.com;08.09.23;;;;;
philipp-bode;manual_users.csv;github.com;08.09.23;;;;;
piggiosauro;github_search_users.csv;github.com;08.09.23;;;;;
piggiosauro;manual_users.csv;github.com;08.09.23;;;;;
plauth;manual_users.csv;github.com;08.09.23;;;;;
pluehne;research_org_commits.csv;github;08.09.23;;;;;
poolbar;github_search_repo.csv;github.com;08.09.23;;;;;
poolbar;manual_users.csv;github.com;08.09.23;;;;;
potassco;github_search_users.csv;github.com;08.09.23;;;;1.0;
potassco;manual_users.csv;github.com;08.09.23;;;;1.0;
potsdamer-instrumentalisten;github_search_repo.csv;github.com;08.09.23;;;;1.0;
potsdamer-instrumentalisten;manual_users.csv;github.com;08.09.23;;;;1.0;
prassepaul;research_org_commits.csv;github;08.09.23;;;;;
problemsolvingio;github_search_repo.csv;github.com;08.09.23;;;;;
problemsolvingio;manual_users.csv;github.com;08.09.23;;;;;
psandhaas;manual_users.csv;github.com;08.09.23;;;;;
pschonev;github_search_repo.csv;github.com;08.09.23;;;;;
pschonev;manual_users.csv;github.com;08.09.23;;;;;
rafiberlin;github_search_users.csv;github.com;08.09.23;;;;;
rafiberlin;manual_users.csv;github.com;08.09.23;;;;;
ralfrothenberger;github_search_users.csv;github.com;08.09.23;;;;;
ralfrothenberger;manual_users.csv;github.com;08.09.23;;;;;
rbock;manual_users.csv;github.com;08.09.23;;;;;
resfahani;github_search_users.csv;github.com;08.09.23;;;;;
resfahani;manual_users.csv;github.com;08.09.23;;;;;
rherbrich74;manual_users.csv;github.com;08.09.23;;;;;
richilino;github_search_users.csv;github.com;08.09.23;;;;;
richilino;manual_users.csv;github.com;08.09.23;;;;;
rkaminsk;research_org_commits.csv;github;08.09.23;;;;;
rknaebel;manual_users.csv;github.com;08.09.23;;;;;
rmiddelanis;manual_users.csv;github.com;08.09.23;;;;;
rnschmdlr;manual_users.csv;github.com;08.09.23;;;;;
roberthirschfeld;manual_users.csv;github.com;08.09.23;;;;;
rokcestnik;github_search_repo.csv;github.com;08.09.23;;;;;
rokcestnik;manual_users.csv;github.com;08.09.23;;;;;
roshanrane;github_search_repo.csv;github.com;08.09.23;;;;;
roshanrane;manual_users.csv;github.com;08.09.23;;;;;
rullec;manual_users.csv;github.com;08.09.23;;;;;
s18neel;github_search_users.csv;github.com;08.09.23;;;;;
s18neel;manual_users.csv;github.com;08.09.23;;;;;
sarahkiener;research_org_commits.csv;github;08.09.23;;;;;
saswatdash1998;github_search_users.csv;github.com;08.09.23;;;;;
saswatdash1998;manual_users.csv;github.com;08.09.23;;;;;
sebas524;github_search_users.csv;github.com;08.09.23;;;;;
sebas524;manual_users.csv;github.com;08.09.23;;;;;
semanticmultimedia;github_search_users.csv;github.com;08.09.23;;;;;
semanticmultimedia;manual_users.csv;github.com;08.09.23;;;;;
semjonwilke;github_search_users.csv;github.com;08.09.23;;;;;
semjonwilke;manual_users.csv;github.com;08.09.23;;;;;
shadiouss;manual_users.csv;github.com;08.09.23;;;;;
shahriar-96;github_search_users.csv;github.com;08.09.23;;;;;
shahriar-96;manual_users.csv;github.com;08.09.23;;;;;
shuwen27;research_org_commits.csv;github;08.09.23;;;;;
simonestuenzi;manual_users.csv;github.com;08.09.23;;;;;
simonstadlinger;github_search_repo.csv;github.com;08.09.23;;;;;
siqube;research_org_commits.csv;github;08.09.23;;;;;
snagnar;manual_users.csv;github.com;08.09.23;;;;;
sodhinchu;github_search_users.csv;github.com;08.09.23;;;;;
sodhinchu;manual_users.csv;github.com;08.09.23;;;;;
soenbeier;manual_users.csv;github.com;08.09.23;;;;;
software-engineering-group-up;github_search_users.csv;github.com;08.09.23;;;;;
software-engineering-group-up;manual_users.csv;github.com;08.09.23;;;;;
soslavsk;github_search_users.csv;github.com;08.09.23;;;;;
soslavsk;manual_users.csv;github.com;08.09.23;;;;;
sthiele;research_org_commits.csv;github;08.09.23;;;;;
studierendenschaft;github_search_users.csv;github.com;08.09.23;;;;;
susuhahnml;manual_users.csv;github.com;08.09.23;;;;;
swilharm;github_search_users.csv;github.com;08.09.23;;;;;
swilharm;manual_users.csv;github.com;08.09.23;;;;;
szugyiedit;github_search_repo.csv;github.com;08.09.23;;;;;
szugyiedit;manual_users.csv;github.com;08.09.23;;;;;
tamaraatanasoska;github_search_repo.csv;github.com;08.09.23;;;;;
tamaraatanasoska;manual_users.csv;github.com;08.09.23;;;;;
tasmi;manual_users.csv;github.com;08.09.23;;;;;
tasnimul-unipotsdam;github_search_users.csv;github.com;08.09.23;;;;;
tasnimul-unipotsdam;manual_users.csv;github.com;08.09.23;;;;;
te3m;manual_users.csv;github.com;08.09.23;;;;;
tee994;github_search_repo.csv;github.com;08.09.23;;;;;
tee994;manual_users.csv;github.com;08.09.23;;;;;
thogaertner;github_search_users.csv;github.com;08.09.23;;;;;
thogaertner;manual_users.csv;github.com;08.09.23;;;;;
thomas-muench;manual_users.csv;github.com;08.09.23;;;;;
tillf;manual_users.csv;github.com;08.09.23;;;;;
tim-theenchanter;github_search_repo.csv;github.com;08.09.23;;;;;
tim-theenchanter;manual_users.csv;github.com;08.09.23;;;;;
timmate;github_search_users.csv;github.com;08.09.23;;;;;
timmate;manual_users.csv;github.com;08.09.23;;;;;
timrichter;github_search_repo.csv;github.com;08.09.23;;;;;
timrichter;manual_users.csv;github.com;08.09.23;;;;;
tobraun;manual_users.csv;github.com;08.09.23;;;;;
tortinator;research_org_commits.csv;github;08.09.23;;;;;
tortinator;manual_users.csv;github.com;08.09.23;;;;;
tscheffler;research_org_commits.csv;github;08.09.23;;;;;
tschirner;research_org_commits.csv;github;08.09.23;;;;;
tschlemm;manual_users.csv;github.com;08.09.23;;;;;
tzwenn;github_search_repo.csv;github.com;08.09.23;;;;;
ubpot;manual_users.csv;github.com;08.09.23;;;;;
university-of-potsdam-mm;github_search_repo.csv;github.com;08.09.23;;;;1.0;
university-of-potsdam-mm;manual_users.csv;github.com;08.09.23;;;;1.0;
up-macroecology;github_search_users.csv;github.com;08.09.23;;;;1.0;
up-macroecology;manual_users.csv;github.com;08.09.23;;;;1.0;
up-rs-esp;github_search_repo.csv;github.com;08.09.23;;;;1.0;
up-rs-esp;github_search_users.csv;github.com;08.09.23;;;;1.0;
up-rs-esp;manual_users.csv;github.com;08.09.23;;;;1.0;
uplug;manual_users.csv;github.com;08.09.23;;;;1.0;
vasishth;github_search_repo.csv;github.com;08.09.23;;;;;
vasishth;manual_users.csv;github.com;08.09.23;;;;;
vasishthlabor;github_search_repo.csv;github.com;08.09.23;;;;;
vasishthlabor;manual_users.csv;github.com;08.09.23;;;;;
verdeev;github_search_users.csv;github.com;08.09.23;;;;;
vykimo;github_search_repo.csv;github.com;08.09.23;;;;;
vykimo;manual_users.csv;github.com;08.09.23;;;;;
wanko;research_org_commits.csv;github;08.09.23;;;;;
warpaint97;github_search_repo.csv;github.com;08.09.23;;;;;
warpaint97;manual_users.csv;github.com;08.09.23;;;;;
wetterprophet;github_search_repo.csv;github.com;08.09.23;;;;;
wetterprophet;manual_users.csv;github.com;08.09.23;;;;;
whuiskamp;manual_users.csv;github.com;08.09.23;;;;;
wschwanghart;github_search_repo.csv;github.com;08.09.23;;;;;
wschwanghart;github_search_users.csv;github.com;08.09.23;;;;;
wschwanghart;manual_users.csv;github.com;08.09.23;;;;;
xarxaxdev;manual_users.csv;github.com;08.09.23;;;;;
xiaoxiangguangfz;github_search_repo.csv;github.com;08.09.23;;;;;
xiaoxiangguangfz;manual_users.csv;github.com;08.09.23;;;;;
yadavhimanshu059;github_search_users.csv;github.com;08.09.23;;;;;
yadavhimanshu059;manual_users.csv;github.com;08.09.23;;;;;
yanapalacheva;github_search_users.csv;github.com;08.09.23;;;;;
yanapalacheva;manual_users.csv;github.com;08.09.23;;;;;
yanweiser;github_search_repo.csv;github.com;08.09.23;;;;;
yanweiser;manual_users.csv;github.com;08.09.23;;;;;
yerkesoul;manual_users.csv;github.com;08.09.23;;;;;
yuxizhang11;manual_users.csv;github.com;08.09.23;;;;;
zentrum-lexikographie;github_search_repo.csv;github.com;08.09.23;;;;1.0;
zentrum-lexikographie;manual_users.csv;github.com;08.09.23;;;;1.0;